{
	"name": "DS_JSON",
	"properties": {
		"linkedServiceName": {
			"referenceName": "LS_ADLS_OEA",
			"type": "LinkedServiceReference"
		},
		"parameters": {
			"stage": {
				"type": "string",
				"defaultValue": "1"
			},
			"path": {
				"type": "string"
			}
		},
		"annotations": [],
		"type": "Json",
		"typeProperties": {
			"location": {
				"type": "AzureBlobFSLocation",
				"folderPath": {
					"value": "@dataset().path",
					"type": "Expression"
				},
				"fileSystem": {
					"value": "stage@{dataset().stage}",
					"type": "Expression"
				}
			}
		},
		"schema": {}
	},
	"type": "Microsoft.Synapse/workspaces/datasets"
}