{
	"name": "1_land_contoso_v0p2",
	"properties": {
		"activities": [
			{
				"name": "land_studentattendance",
				"type": "ExecutePipeline",
				"dependsOn": [],
				"userProperties": [],
				"typeProperties": {
					"pipeline": {
						"referenceName": "land_data_from_URL",
						"type": "PipelineReference"
					},
					"waitOnCompletion": true,
					"parameters": {
						"URL": "https://raw.githubusercontent.com/microsoft/OpenEduAnalytics/main/framework/test_data/contoso_sis/day1/studentattendance/part1.csv",
						"workspace": {
							"value": "@pipeline().parameters.workspace",
							"type": "Expression"
						},
						"sinkPath": "contoso/v0.1/studentattendance",
						"sinkFilename": {
							"value": "@pipeline().parameters.defaultFilename",
							"type": "Expression"
						},
						"batchType": "additive"
					}
				}
			},
			{
				"name": "land_students",
				"type": "ExecutePipeline",
				"dependsOn": [],
				"userProperties": [],
				"typeProperties": {
					"pipeline": {
						"referenceName": "land_data_from_URL",
						"type": "PipelineReference"
					},
					"waitOnCompletion": true,
					"parameters": {
						"URL": "https://raw.githubusercontent.com/microsoft/OpenEduAnalytics/main/framework/test_data/contoso_sis/day1/students/part1.csv",
						"workspace": {
							"value": "@pipeline().parameters.workspace",
							"type": "Expression"
						},
						"sinkPath": "contoso/v0.1/students",
						"sinkFilename": {
							"value": "@pipeline().parameters.defaultFilename",
							"type": "Expression"
						},
						"batchType": "delta"
					}
				}
			},
			{
				"name": "land_studentsectionmark",
				"type": "ExecutePipeline",
				"dependsOn": [],
				"userProperties": [],
				"typeProperties": {
					"pipeline": {
						"referenceName": "land_data_from_URL",
						"type": "PipelineReference"
					},
					"waitOnCompletion": true,
					"parameters": {
						"URL": "https://raw.githubusercontent.com/microsoft/OpenEduAnalytics/main/framework/test_data/contoso_sis/day1/studentsectionmark/part1.csv",
						"workspace": {
							"value": "@pipeline().parameters.workspace",
							"type": "Expression"
						},
						"sinkPath": "contoso/v0.1/studentsectionmark",
						"sinkFilename": {
							"value": "@pipeline().parameters.defaultFilename",
							"type": "Expression"
						},
						"batchType": "snapshot"
					}
				}
			}
		],
		"parameters": {
			"workspace": {
				"type": "string",
				"defaultValue": "dev"
			},
			"defaultFilename": {
				"type": "string",
				"defaultValue": "part1.csv"
			}
		},
		"folder": {
			"name": "contoso_v0p2"
		},
		"annotations": [],
		"lastPublishTime": "2022-11-15T20:46:13Z"
	},
	"type": "Microsoft.Synapse/workspaces/pipelines"
}