{
    "name": "3_refine_contoso_v0p2",
    "properties": {
        "activities": [
            {
                "name": "refine_students",
                "type": "ExecutePipeline",
                "dependsOn": [],
                "userProperties": [],
                "typeProperties": {
                    "pipeline": {
                        "referenceName": "refine",
                        "type": "PipelineReference"
                    },
                    "waitOnCompletion": true,
                    "parameters": {
                        "workspace": {
                            "value": "@pipeline().parameters.workspace",
                            "type": "Expression"
                        },
                        "entityPath": "contoso/v0.1/students",
                        "primaryKey": "SIS ID"
                    }
                }
            },
            {
                "name": "refine_studentattendance",
                "type": "ExecutePipeline",
                "dependsOn": [],
                "userProperties": [],
                "typeProperties": {
                    "pipeline": {
                        "referenceName": "refine",
                        "type": "PipelineReference"
                    },
                    "waitOnCompletion": true,
                    "parameters": {
                        "workspace": {
                            "value": "@pipeline().parameters.workspace",
                            "type": "Expression"
                        },
                        "entityPath": "contoso/v0.1/studentattendance",
                        "primaryKey": "id"
                    }
                }
            },
            {
                "name": "refine_studentsectionmark",
                "type": "ExecutePipeline",
                "dependsOn": [],
                "userProperties": [],
                "typeProperties": {
                    "pipeline": {
                        "referenceName": "refine",
                        "type": "PipelineReference"
                    },
                    "waitOnCompletion": true,
                    "parameters": {
                        "workspace": {
                            "value": "@pipeline().parameters.workspace",
                            "type": "Expression"
                        },
                        "entityPath": "contoso/v0.1/studentsectionmark",
                        "primaryKey": "id"
                    }
                }
            },
            {
                "name": "create_sql_db_for_general",
                "type": "ExecutePipeline",
                "dependsOn": [
                    {
                        "activity": "refine_students",
                        "dependencyConditions": [
                            "Succeeded"
                        ]
                    },
                    {
                        "activity": "refine_studentattendance",
                        "dependencyConditions": [
                            "Succeeded"
                        ]
                    },
                    {
                        "activity": "refine_studentsectionmark",
                        "dependencyConditions": [
                            "Succeeded"
                        ]
                    }
                ],
                "userProperties": [],
                "typeProperties": {
                    "pipeline": {
                        "referenceName": "create_sql_db",
                        "type": "PipelineReference"
                    },
                    "waitOnCompletion": true,
                    "parameters": {
                        "stage": "stage2",
                        "datasetPath": "Refined/contoso/v0.1/general",
                        "workspace": {
                            "value": "@pipeline().parameters.workspace",
                            "type": "Expression"
                        },
                        "dbName": "sdb_dev_s2r_contoso_v0p1"
                    }
                }
            },
            {
                "name": "create_sql_db_for_sensitive",
                "type": "ExecutePipeline",
                "dependsOn": [
                    {
                        "activity": "refine_students",
                        "dependencyConditions": [
                            "Succeeded"
                        ]
                    },
                    {
                        "activity": "refine_studentattendance",
                        "dependencyConditions": [
                            "Succeeded"
                        ]
                    },
                    {
                        "activity": "refine_studentsectionmark",
                        "dependencyConditions": [
                            "Succeeded"
                        ]
                    }
                ],
                "userProperties": [],
                "typeProperties": {
                    "pipeline": {
                        "referenceName": "create_sql_db",
                        "type": "PipelineReference"
                    },
                    "waitOnCompletion": true,
                    "parameters": {
                        "stage": "stage2",
                        "datasetPath": "Refined/contoso/v0.1/sensitive",
                        "workspace": {
                            "value": "@pipeline().parameters.workspace",
                            "type": "Expression"
                        },
                        "dbName": "sdb_dev_s2r_contoso_v0p1"
                    }
                }
            }
        ],
        "parameters": {
            "workspace": {
                "type": "string",
                "defaultValue": "dev"
            },
            "defaultFilename": {
                "type": "string",
                "defaultValue": "part1.csv"
            }
        },
        "folder": {
            "name": "contoso_v0p2"
        },
        "annotations": [],
        "lastPublishTime": "2022-11-18T19:05:24Z"
    },
    "type": "Microsoft.Synapse/workspaces/pipelines"
}